{
    "results": {
        "page": [
            {
                "pageNumber": "1",
                "paragraph": [
                    {
                        "data": "ANNUAL REPORT "
                    },
                    {
                        "data": ""
                    }
                ]
            },
            {
                "pageNumber": "2",
                "paragraph": [
                    {
                        "data": ""
                    },
                    {
                        "data": "Message from the Director "
                    },
                    {
                        "data": "The World Food Center (WFC) was relaunched within the "
                    },
                    {
                        "data": "College of Agricultural and Environmental Sciences in 2018, "
                    },
                    {
                        "data": "and I have the pleasure of service as its director from January "
                    },
                    {
                        "data": "2019 until the present. Our mission is to mobilize the research, "
                    },
                    {
                        "data": "educational and outreach resources of UC Davis to promote "
                    },
                    {
                        "data": "innovative, sustainable and equitable food systems. "
                    },
                    {
                        "data": "Ermias Kebreab "
                    },
                    {
                        "data": "Director, World Food Center "
                    },
                    {
                        "data": "Associate Dean, "
                    },
                    {
                        "data": "College of "
                    },
                    {
                        "data": "Agricultural and "
                    },
                    {
                        "data": "Environmental Sciences "
                    },
                    {
                        "data": "Professor, Sesnon "
                    },
                    {
                        "data": "Endowed Chair "
                    },
                    {
                        "data": "in Sustainable "
                    },
                    {
                        "data": "Agriculture University of "
                    },
                    {
                        "data": "California, Davis "
                    },
                    {
                        "data": "In today’s world, the greatest challenges such as food security "
                    },
                    {
                        "data": "cannot be solved by one center or institute alone. There are "
                    },
                    {
                        "data": "more than 60 organized units at UC Davis spanning several "
                    },
                    {
                        "data": "colleges and schools that work on food-related issues. The "
                    },
                    {
                        "data": "World Food Center strives to be the connector of these entities "
                    },
                    {
                        "data": "and helps develop relationships with industry, government, "
                    },
                    {
                        "data": "academic and public/private institutions to promote and apply "
                    },
                    {
                        "data": "UC Davis’ expertise in food systems and build mutually beneficial "
                    },
                    {
                        "data": "partnerships for research, outreach and education. "
                    },
                    {
                        "data": "This year, we are excited to have completed our strategic plan, which "
                    },
                    {
                        "data": "will serve as a road map for activities during the next five years. I am "
                    },
                    {
                        "data": "particularly pleased to see the level of engagement from diverse centers "
                    },
                    {
                        "data": "and institutes across the entire university and beyond in building a "
                    },
                    {
                        "data": "consensus-based strategic plan to carry out our central goals of convening, "
                    },
                    {
                        "data": "connecting and communicating regarding issues related to food systems. I "
                    },
                    {
                        "data": "encourage you to read the strategic plan, which is available on our newly "
                    },
                    {
                        "data": "revamped website at worldfoodcenter.ucdavis.edu. You can also follow us "
                    },
                    {
                        "data": "on twitter (@ucdavisWFC) as we announce numerous events throughout "
                    },
                    {
                        "data": "the year. "
                    },
                    {
                        "data": "In this annual report, you will learn about our various accomplishments "
                    },
                    {
                        "data": "from the past year as we look forward to more engagement with faculty, "
                    },
                    {
                        "data": "staff, students and our partners both in California and across the globe. "
                    },
                    {
                        "data": "I hope you will join us in our mission! "
                    },
                    {
                        "data": ""
                    }
                ]
            },
            {
                "pageNumber": "3",
                "paragraph": [
                    {
                        "data": "AT A GLANCE "
                    },
                    {
                        "data": "Setting a "
                    },
                    {
                        "data": "Course Aligning the "
                    },
                    {
                        "data": "Food System "
                    },
                    {
                        "data": "The World Food Center "
                    },
                    {
                        "data": "completed a two-year "
                    },
                    {
                        "data": "visioning process and "
                    },
                    {
                        "data": "unveiled a strategic plan in "
                    },
                    {
                        "data": "June 2019, after consulting "
                    },
                    {
                        "data": "with more than 100 campus "
                    },
                    {
                        "data": "leaders through showcases "
                    },
                    {
                        "data": "and meetings. The "
                    },
                    {
                        "data": "document details the WFC’s "
                    },
                    {
                        "data": "plan to tap into the depth "
                    },
                    {
                        "data": "of food and agriculture "
                    },
                    {
                        "data": "scholarship and extension, "
                    },
                    {
                        "data": "develop partnerships in "
                    },
                    {
                        "data": "research and innovation, "
                    },
                    {
                        "data": "and raise the visibility "
                    },
                    {
                        "data": "of UC Davis’ expertise and "
                    },
                    {
                        "data": "resources in food systems. "
                    },
                    {
                        "data": "Following an initial "
                    },
                    {
                        "data": "Aligning the Food System "
                    },
                    {
                        "data": "workshop in 2018, the WFC "
                    },
                    {
                        "data": "sponsored four additional "
                    },
                    {
                        "data": "events within this series in "
                    },
                    {
                        "data": "2019 on multidisciplinary "
                    },
                    {
                        "data": "and interconnected "
                    },
                    {
                        "data": "food systems topics in "
                    },
                    {
                        "data": "association with campus "
                    },
                    {
                        "data": "centers and extramural "
                    },
                    {
                        "data": "partners including: "
                    },
                    {
                        "data": "• Aligning the Food System "
                    },
                    {
                        "data": "for Improved Nutrition: A "
                    },
                    {
                        "data": "Focus on Animal Source "
                    },
                    {
                        "data": "Foods (May) "
                    },
                    {
                        "data": "• Food Safety "
                    },
                    {
                        "data": "Considerations for "
                    },
                    {
                        "data": "Developing Food Waste "
                    },
                    {
                        "data": "Solutions (May) "
                    },
                    {
                        "data": "Supporting Transdisciplinary "
                    },
                    {
                        "data": "Collaboration Strengthening "
                    },
                    {
                        "data": "Food System "
                    },
                    {
                        "data": "Networks The WFC co-sponsored "
                    },
                    {
                        "data": "several events aimed "
                    },
                    {
                        "data": "at building a network of "
                    },
                    {
                        "data": "scientists from different "
                    },
                    {
                        "data": "disciplines to tackle global "
                    },
                    {
                        "data": "food security issues. These "
                    },
                    {
                        "data": "events included the World "
                    },
                    {
                        "data": "Agri-Tech Innovation "
                    },
                    {
                        "data": "Summit, a two-day "
                    },
                    {
                        "data": "globally attended event "
                    },
                    {
                        "data": "in San Francisco. "
                    },
                    {
                        "data": "Three events aimed "
                    },
                    {
                        "data": "at building and "
                    },
                    {
                        "data": "strengthening networks "
                    },
                    {
                        "data": "were hosted by the "
                    },
                    {
                        "data": "WFC on the UC Davis "
                    },
                    {
                        "data": "campus in partnership "
                    },
                    {
                        "data": "with industry and "
                    },
                    {
                        "data": "international food system "
                    },
                    {
                        "data": "leaders: the AgTech "
                    },
                    {
                        "data": "Showcase in January, the "
                    },
                    {
                        "data": "Food Security Innovation "
                    },
                    {
                        "data": "Workshop in October, "
                    },
                    {
                        "data": "and the Dialogues and "
                    },
                    {
                        "data": "Discourse in Science and "
                    },
                    {
                        "data": "Society in November. All "
                    },
                    {
                        "data": "provided opportunities for "
                    },
                    {
                        "data": "networking, collaboration "
                    },
                    {
                        "data": "and innovation. "
                    },
                    {
                        "data": "Showcasing UC Davis "
                    },
                    {
                        "data": "World Food "
                    },
                    {
                        "data": "Connections The World Food Center "
                    },
                    {
                        "data": "fostered our global "
                    },
                    {
                        "data": "connections to food "
                    },
                    {
                        "data": "systems by hosting a "
                    },
                    {
                        "data": "World Food Day celebration "
                    },
                    {
                        "data": "on the UC Davis campus "
                    },
                    {
                        "data": "and presenting an exhibit "
                    },
                    {
                        "data": "booth at the World Food "
                    },
                    {
                        "data": "Prize in Iowa. "
                    },
                    {
                        "data": "• Summer School: UC "
                    },
                    {
                        "data": "Network on Child Health, "
                    },
                    {
                        "data": "Poverty, and Public Policy "
                    },
                    {
                        "data": "(September) • Developing an Agrifoods "
                    },
                    {
                        "data": "System Blueprint for "
                    },
                    {
                        "data": "California (September) "
                    },
                    {
                        "data": "ANNUAL REPORT 2019 "
                    },
                    {
                        "data": "1\t "
                    }
                ]
            },
            {
                "pageNumber": "4",
                "paragraph": [
                    {
                        "data": ""
                    },
                    {
                        "data": "‘To Boldly Go’ Goals "
                    },
                    {
                        "data": "A vision for the future of UC Davis "
                    },
                    {
                        "data": "1. Provide an educational experience "
                    },
                    {
                        "data": "that prepares all of our students to "
                    },
                    {
                        "data": "address the needs and challenges "
                    },
                    {
                        "data": "of a diverse and changing world. "
                    },
                    {
                        "data": "2. Enable and support research "
                    },
                    {
                        "data": "that matters at the frontiers of "
                    },
                    {
                        "data": "knowledge, across and between the "
                    },
                    {
                        "data": "disciplines, in support of a healthy "
                    },
                    {
                        "data": "planet and the physical and societal "
                    },
                    {
                        "data": "well-being of its inhabitants. "
                    },
                    {
                        "data": "3. Embrace diversity, practice "
                    },
                    {
                        "data": "inclusive excellence and strive for "
                    },
                    {
                        "data": "equity. Make UC Davis a place of "
                    },
                    {
                        "data": "excellence for learning and working "
                    },
                    {
                        "data": "by supporting a culture that values "
                    },
                    {
                        "data": "the contributions and aspirations of "
                    },
                    {
                        "data": "all of our students, staff and faculty; "
                    },
                    {
                        "data": "promotes wellness and a culture "
                    },
                    {
                        "data": "of sustainability; and cultivates the "
                    },
                    {
                        "data": "open interchange of ideas. "
                    },
                    {
                        "data": "4. Support our community, region, "
                    },
                    {
                        "data": "state, nation and world through "
                    },
                    {
                        "data": "mutually beneficial and impactful "
                    },
                    {
                        "data": "partnerships that reflect a firm "
                    },
                    {
                        "data": "commitment to our mission and "
                    },
                    {
                        "data": "increase the visibility and reputation "
                    },
                    {
                        "data": "of the university. "
                    },
                    {
                        "data": "5. Create an intellectual and "
                    },
                    {
                        "data": "physical environment that supports "
                    },
                    {
                        "data": "the development of an innovative "
                    },
                    {
                        "data": "and entrepreneurial culture that "
                    },
                    {
                        "data": "extends the benefits of our research "
                    },
                    {
                        "data": "activities beyond the boundaries "
                    },
                    {
                        "data": "of the university. "
                    },
                    {
                        "data": "2 UC DAVIS WORLD FOOD CENTER "
                    },
                    {
                        "data": "Convene, Connect, "
                    },
                    {
                        "data": "Communicate A strategic plan for the WFC "
                    },
                    {
                        "data": "The World Food Center’s move to the College of Agricultural and "
                    },
                    {
                        "data": "Environmental Sciences in 2017 and subsequent revitalization provided an "
                    },
                    {
                        "data": "opportunity for its emergence as a leader in both the college and campus "
                    },
                    {
                        "data": "global efforts. A series of informational campus events were designed to "
                    },
                    {
                        "data": "foster university-wide interdisciplinary engagement. These events and "
                    },
                    {
                        "data": "following conversations and consultation with more than 100 leading "
                    },
                    {
                        "data": "UC Davis faculty, staff, center directors, and department heads resulted "
                    },
                    {
                        "data": "in a strategic plan for enhancing the value and impact of the WFC. "
                    },
                    {
                        "data": "The strategic plan for the WFC incorporates the vision developed by "
                    },
                    {
                        "data": "the UC Davis ‘To Boldly Go’ Goals, the Global Affairs Strategic Plan, and "
                    },
                    {
                        "data": "the College of Agricultural and Environmental Sciences strategic plan "
                    },
                    {
                        "data": "“Meeting the Challenges of 21st Century Global Change.” These goals and "
                    },
                    {
                        "data": "inputs from campus leaders and a soon anticipated University-wide Global "
                    },
                    {
                        "data": "Strategic Plan (2021) guided the development of the World Food Center "
                    },
                    {
                        "data": "Strategic Plan for 2019-2024. The plan focuses on three main priorities for "
                    },
                    {
                        "data": "the WFC: to Convene, Connect and Communicate. "
                    },
                    {
                        "data": ""
                    }
                ]
            },
            {
                "pageNumber": "5",
                "paragraph": [
                    {
                        "data": "Strategic Priority 1 "
                    },
                    {
                        "data": "The World Food Center will CONVENE internal UC Davis stakeholders working in food systems "
                    },
                    {
                        "data": "to encourage interdisciplinary collaboration and support their success. "
                    },
                    {
                        "data": "With this priority, the World Food Center will raise awareness of the collective depth and breadth "
                    },
                    {
                        "data": "of food systems resources at UC Davis and bring centers, institutes and faculty together to identify "
                    },
                    {
                        "data": "and address grand challenges in food systems. It will build upon existing programs and develop "
                    },
                    {
                        "data": "new ones to become a university-wide epicenter for food systems experts by providing forums to "
                    },
                    {
                        "data": "share information, promote research, encourage collaborations and foster connections for "
                    },
                    {
                        "data": "interdisciplinary work. "
                    },
                    {
                        "data": "Strategic Priority II "
                    },
                    {
                        "data": "The World Food Center will CONNECT UC Davis expertise in global food systems to external "
                    },
                    {
                        "data": "partners to support research opportunities and foster entrepreneurial partnerships. "
                    },
                    {
                        "data": "Tapping the collective expertise available at UC Davis requires the mobilization of collaborative "
                    },
                    {
                        "data": "partnerships between campus units and external organizations, including government agencies, "
                    },
                    {
                        "data": "industry, foundations, funders and national and international research institutions. "
                    },
                    {
                        "data": "The World Food Center will work to raise UC Davis’ visibility as the premier university for food "
                    },
                    {
                        "data": "systems research and practice and a world leader in food systems expertise. It will proactively cultivate "
                    },
                    {
                        "data": "relationships with external organizations in the public/private sector who have the potential to partner "
                    },
                    {
                        "data": "with UC Davis experts on research and problem-solving in food systems and develop pathways to "
                    },
                    {
                        "data": "connect them to campus experts and research groups. "
                    },
                    {
                        "data": "Strategic Priority III "
                    },
                    {
                        "data": "The World Food Center will COMMUNICATE the UC Davis food story both internally "
                    },
                    {
                        "data": "and externally. "
                    },
                    {
                        "data": "The World Food Center has a combination of internal and external audiences. At UC Davis, "
                    },
                    {
                        "data": "food and agriculture-focused centers, institutes and faculty benefit from the World Food Center’s "
                    },
                    {
                        "data": "communications, while the food and agriculture industries, donors, investors and policy makers are "
                    },
                    {
                        "data": "also valuable audiences for communications content from the World Food Center. "
                    },
                    {
                        "data": "The World Food Center will develop a communications infrastructure and strategy to share the "
                    },
                    {
                        "data": "UC Davis story to internal and external stakeholders and to achieve the ambitious agenda laid out in "
                    },
                    {
                        "data": "this strategic plan. Communications is the vehicle through which the World Food Center can convene "
                    },
                    {
                        "data": "the actors and connect with partners and stakeholders within UC Davis, across the UC system, and in "
                    },
                    {
                        "data": "regional, national and international arenas. "
                    },
                    {
                        "data": "ANNUAL REPORT 2019 "
                    },
                    {
                        "data": "3\t "
                    }
                ]
            },
            {
                "pageNumber": "6",
                "paragraph": [
                    {
                        "data": "Aligning the "
                    },
                    {
                        "data": "Food System Series "
                    },
                    {
                        "data": "World Food Center’s Aligning the Food System series fosters interdisci- "
                    },
                    {
                        "data": "plinary collaboration at UC Davis through workshops, conferences and "
                    },
                    {
                        "data": "other events focused on grand challenges in global food systems. The "
                    },
                    {
                        "data": "platform brings together key stakeholders in academia, private industry "
                    },
                    {
                        "data": "and the public sector to assess present and future challenges, identify "
                    },
                    {
                        "data": "best practices and provide comprehensive recommendations for research "
                    },
                    {
                        "data": "and policy solutions. "
                    },
                    {
                        "data": "Following an initial event in 2018, Aligning the Food System to Meet "
                    },
                    {
                        "data": "Dietary Needs: Fruits and Vegetables, the WFC issued a call for pro- "
                    },
                    {
                        "data": "posals to conduct interdisciplinary workshops, conferences and other "
                    },
                    {
                        "data": "events focused on grand challenges in global food systems. Criteria "
                    },
                    {
                        "data": "included co-sponsorship by two or more campus entities, inclusion of "
                    },
                    {
                        "data": "extramural participants and/or sponsors, and a concrete outcome such "
                    },
                    {
                        "data": "as a white paper, publication or grant proposal. The WFC provided "
                    },
                    {
                        "data": "funding up to $25,000 as well as communications and logistics support. "
                    },
                    {
                        "data": "Four Aligning the Food System events were held in 2019. "
                    },
                    {
                        "data": "4 UC DAVIS WORLD FOOD CENTER "
                    },
                    {
                        "data": ""
                    }
                ]
            },
            {
                "pageNumber": "7",
                "paragraph": [
                    {
                        "data": ""
                    },
                    {
                        "data": "Aligning the Food "
                    },
                    {
                        "data": "System for Improved "
                    },
                    {
                        "data": "Nutrition: A Focus on "
                    },
                    {
                        "data": "Animal Source Foods "
                    },
                    {
                        "data": "May 14-15, 2019 "
                    },
                    {
                        "data": "This two-day conference focused "
                    },
                    {
                        "data": "on the importance of animal "
                    },
                    {
                        "data": "source foods for human nutrition "
                    },
                    {
                        "data": "and health, particularly among "
                    },
                    {
                        "data": "pregnant women and young "
                    },
                    {
                        "data": "children; gaps and barriers to "
                    },
                    {
                        "data": "consumption among low-income "
                    },
                    {
                        "data": "populations; sustainability and "
                    },
                    {
                        "data": "environmental considerations of "
                    },
                    {
                        "data": "animal agriculture; and innova- "
                    },
                    {
                        "data": "tive strategies and supporting "
                    },
                    {
                        "data": "public policies to address these "
                    },
                    {
                        "data": "challenges. The Department of "
                    },
                    {
                        "data": "Animal Science and the Program "
                    },
                    {
                        "data": "in International and Community "
                    },
                    {
                        "data": "Nutrition co-hosted this confer- "
                    },
                    {
                        "data": "ence at UC Davis. "
                    },
                    {
                        "data": "Food Safety "
                    },
                    {
                        "data": "Considerations for "
                    },
                    {
                        "data": "Developing Food "
                    },
                    {
                        "data": "Waste Solutions "
                    },
                    {
                        "data": "May 15-16, 2019 "
                    },
                    {
                        "data": "Summer School: "
                    },
                    {
                        "data": "UC Network on Child "
                    },
                    {
                        "data": "Health, Poverty and "
                    },
                    {
                        "data": "Public Policy "
                    },
                    {
                        "data": "September 4-6, 2019 "
                    },
                    {
                        "data": "This day-long workshop "
                    },
                    {
                        "data": "focused on strategies and "
                    },
                    {
                        "data": "technologies to reduce food "
                    },
                    {
                        "data": "loss and recover and recycle "
                    },
                    {
                        "data": "food waste in the context "
                    },
                    {
                        "data": "of assuring food safety. In "
                    },
                    {
                        "data": "particular, the presentations and "
                    },
                    {
                        "data": "group discussions addressed "
                    },
                    {
                        "data": "industry perspectives and policy "
                    },
                    {
                        "data": "solutions. The Department of "
                    },
                    {
                        "data": "Food Science and Technology, "
                    },
                    {
                        "data": "the Food Loss and Waste "
                    },
                    {
                        "data": "Collaborative, and the Robert "
                    },
                    {
                        "data": "Mondavi Institute for Wine and "
                    },
                    {
                        "data": "Food Science co-hosted this "
                    },
                    {
                        "data": "workshop at UC Davis. "
                    },
                    {
                        "data": "This three-day conference "
                    },
                    {
                        "data": "brought together representatives "
                    },
                    {
                        "data": "from the UC system and thought "
                    },
                    {
                        "data": "leaders from around the country "
                    },
                    {
                        "data": "for the inaugural meeting of the "
                    },
                    {
                        "data": "newly created UC Network on "
                    },
                    {
                        "data": "Child Health, Poverty, and Public "
                    },
                    {
                        "data": "Policy. The UC Davis Center for "
                    },
                    {
                        "data": "Poverty Research and Gifford "
                    },
                    {
                        "data": "Center for Population Studies "
                    },
                    {
                        "data": "co-hosted the conference, which "
                    },
                    {
                        "data": "was held at UC Berkeley and "
                    },
                    {
                        "data": "co-sponsored by the WFC and "
                    },
                    {
                        "data": "UC Research Initiatives. "
                    },
                    {
                        "data": "Developing an "
                    },
                    {
                        "data": "Agrifoods System "
                    },
                    {
                        "data": "Blueprint for California "
                    },
                    {
                        "data": "September 13, 2019 "
                    },
                    {
                        "data": "This workshop convened "
                    },
                    {
                        "data": "regional stakeholders, including "
                    },
                    {
                        "data": "farmers, small ag businesses, "
                    },
                    {
                        "data": "food co-ops and major grocery "
                    },
                    {
                        "data": "retailers to discuss how these "
                    },
                    {
                        "data": "various groups can work "
                    },
                    {
                        "data": "together to support co-ops "
                    },
                    {
                        "data": "in California. Participants "
                    },
                    {
                        "data": "strategized about the role of "
                    },
                    {
                        "data": "cooperatives and independent "
                    },
                    {
                        "data": "distributors in advancing a "
                    },
                    {
                        "data": "multi-stakeholder agrifoods "
                    },
                    {
                        "data": "value chain. The Department "
                    },
                    {
                        "data": "of Human Ecology, Sacramento "
                    },
                    {
                        "data": "Natural Foods Co-op, and Valley "
                    },
                    {
                        "data": "Vision co-hosted this conference "
                    },
                    {
                        "data": "in Sacramento. "
                    },
                    {
                        "data": "ANNUAL REPORT 2019 "
                    },
                    {
                        "data": "5\t "
                    }
                ]
            },
            {
                "pageNumber": "8",
                "paragraph": [
                    {
                        "data": ""
                    },
                    {
                        "data": "6 UC DAVIS WORLD FOOD CENTER "
                    },
                    {
                        "data": ""
                    }
                ]
            },
            {
                "pageNumber": "9",
                "paragraph": [
                    {
                        "data": "Convening "
                    },
                    {
                        "data": "food systems networks "
                    },
                    {
                        "data": "Ag Tech Showcase "
                    },
                    {
                        "data": "January 10, 2019 "
                    },
                    {
                        "data": "In collaboration with Seed "
                    },
                    {
                        "data": "Central, the WFC co-hosted "
                    },
                    {
                        "data": "a networking showcase that "
                    },
                    {
                        "data": "featured more than 40 local "
                    },
                    {
                        "data": "and regional companies in "
                    },
                    {
                        "data": "the food and agriculture "
                    },
                    {
                        "data": "industries. The format "
                    },
                    {
                        "data": "featured lightning pitches "
                    },
                    {
                        "data": "by company representatives "
                    },
                    {
                        "data": "followed by technology "
                    },
                    {
                        "data": "demonstrations and a "
                    },
                    {
                        "data": "networking reception. "
                    },
                    {
                        "data": "Food Security and "
                    },
                    {
                        "data": "Innovation Workshop "
                    },
                    {
                        "data": "October 7-9, 2019 "
                    },
                    {
                        "data": "The WFC partnered with the "
                    },
                    {
                        "data": "Office of Research to host this "
                    },
                    {
                        "data": "knowledge-sharing workshop "
                    },
                    {
                        "data": "and partnership-building "
                    },
                    {
                        "data": "meeting with University "
                    },
                    {
                        "data": "of Sydney, Australia. This "
                    },
                    {
                        "data": "platform also included "
                    },
                    {
                        "data": "representatives from the "
                    },
                    {
                        "data": "University of Sao Paolo, "
                    },
                    {
                        "data": "Brazil, Pontifical Catholic "
                    },
                    {
                        "data": "University of Chile, University "
                    },
                    {
                        "data": "College Dublin, Ireland, the "
                    },
                    {
                        "data": "Commonwealth Scientific "
                    },
                    {
                        "data": "and Industrial Research "
                    },
                    {
                        "data": "Organization of Australia, "
                    },
                    {
                        "data": "and other important local and "
                    },
                    {
                        "data": "international partners. "
                    },
                    {
                        "data": "Dialogues and "
                    },
                    {
                        "data": "Discourse: Science "
                    },
                    {
                        "data": "and the Social "
                    },
                    {
                        "data": "License November 4, 2019 "
                    },
                    {
                        "data": "This one-day conference "
                    },
                    {
                        "data": "convened a diverse group "
                    },
                    {
                        "data": "of experts to discuss how "
                    },
                    {
                        "data": "to bridge the gap between "
                    },
                    {
                        "data": "scientific innovation and "
                    },
                    {
                        "data": "public opinion using "
                    },
                    {
                        "data": "climate change and genetic "
                    },
                    {
                        "data": "engineering as examples. "
                    },
                    {
                        "data": "The conference featured "
                    },
                    {
                        "data": "esteemed speakers from "
                    },
                    {
                        "data": "around the country and key "
                    },
                    {
                        "data": "California and UC leaders, "
                    },
                    {
                        "data": "including the Secretary of "
                    },
                    {
                        "data": "the California Department of "
                    },
                    {
                        "data": "Food and Agriculture, the UC "
                    },
                    {
                        "data": "President and the UC Davis "
                    },
                    {
                        "data": "Chancellor. A grant from the "
                    },
                    {
                        "data": "United States Department of "
                    },
                    {
                        "data": "Agriculture National Institute "
                    },
                    {
                        "data": "of Food and Agriculture "
                    },
                    {
                        "data": "(USDA-NIFA) supported "
                    },
                    {
                        "data": "this conference, which was "
                    },
                    {
                        "data": "co-hosted by the WFC and "
                    },
                    {
                        "data": "the John Muir Institute of the "
                    },
                    {
                        "data": "Environment at UC Davis. "
                    },
                    {
                        "data": "ANNUAL REPORT 2019 "
                    },
                    {
                        "data": "7\t "
                    }
                ]
            },
            {
                "pageNumber": "10",
                "paragraph": [
                    {
                        "data": "Showcasing "
                    },
                    {
                        "data": "UC Davis "
                    },
                    {
                        "data": "world food "
                    },
                    {
                        "data": "connections 8 "
                    },
                    {
                        "data": "UC DAVIS WORLD FOOD CENTER "
                    },
                    {
                        "data": "World Food Day "
                    },
                    {
                        "data": "Festival October 16, 2019 "
                    },
                    {
                        "data": "World Food Day is promoted "
                    },
                    {
                        "data": "by the Food and Agriculture "
                    },
                    {
                        "data": "Organization (FAO) of the United "
                    },
                    {
                        "data": "Nations and each year features "
                    },
                    {
                        "data": "a different theme around food, "
                    },
                    {
                        "data": "hunger and global food systems. "
                    },
                    {
                        "data": "The event is celebrated around "
                    },
                    {
                        "data": "the world by organizations such "
                    },
                    {
                        "data": "as the World Food Programme "
                    },
                    {
                        "data": "and the International Fund for "
                    },
                    {
                        "data": "Agricultural Development. The "
                    },
                    {
                        "data": "theme for World Food Day "
                    },
                    {
                        "data": "2019 was “Healthy Diets for a "
                    },
                    {
                        "data": "Zero Hunger World.” The WFC "
                    },
                    {
                        "data": "sponsored a World Food Day "
                    },
                    {
                        "data": "Festival on campus that featured "
                    },
                    {
                        "data": "exhibits from the Institute for "
                    },
                    {
                        "data": "Global Nutrition, the Agricultural "
                    },
                    {
                        "data": "Sustainability Institute, the "
                    },
                    {
                        "data": "Humphrey Fellowship Program, "
                    },
                    {
                        "data": "the Yolo Food Bank and "
                    },
                    {
                        "data": "numerous other campus and "
                    },
                    {
                        "data": "local groups. "
                    },
                    {
                        "data": "World Food Prize "
                    },
                    {
                        "data": "October 16-18, 2019 "
                    },
                    {
                        "data": "The World Food Prize is the "
                    },
                    {
                        "data": "foremost international honor "
                    },
                    {
                        "data": "recognizing the achievements of "
                    },
                    {
                        "data": "individuals who have advanced "
                    },
                    {
                        "data": "human development by "
                    },
                    {
                        "data": "improving the quality, quantity "
                    },
                    {
                        "data": "or availability of food in the "
                    },
                    {
                        "data": "world. The $250,000 annual "
                    },
                    {
                        "data": "award recognizes contributions "
                    },
                    {
                        "data": "in any field involved in the world "
                    },
                    {
                        "data": "of food. Past recipients include "
                    },
                    {
                        "data": "Gurdev Khush, global rice "
                    },
                    {
                        "data": "breeder and UC Davis alumni. "
                    },
                    {
                        "data": "By honoring those who have "
                    },
                    {
                        "data": "worked successfully toward "
                    },
                    {
                        "data": "a nutritious and sustainable "
                    },
                    {
                        "data": "food supply for all people, the "
                    },
                    {
                        "data": "prize calls attention to what has "
                    },
                    {
                        "data": "been done to improve global "
                    },
                    {
                        "data": "food security and to what can "
                    },
                    {
                        "data": "be accomplished in the future. "
                    },
                    {
                        "data": "The annual World Food Prize "
                    },
                    {
                        "data": "announcement has become a "
                    },
                    {
                        "data": "global event convening food "
                    },
                    {
                        "data": "system experts from around "
                    },
                    {
                        "data": "the world. WFC director Ermias "
                    },
                    {
                        "data": "Kebreab attended the 2019 "
                    },
                    {
                        "data": "event in Des Moines, Iowa, and "
                    },
                    {
                        "data": "hosted a booth highlighting "
                    },
                    {
                        "data": "the broad food expertise and "
                    },
                    {
                        "data": "programs based at UC Davis. "
                    },
                    {
                        "data": ""
                    }
                ]
            },
            {
                "pageNumber": "11",
                "paragraph": [
                    {
                        "data": ""
                    },
                    {
                        "data": "Supporting transdisiplinary "
                    },
                    {
                        "data": "communication World AgriTech Summit "
                    },
                    {
                        "data": "March 18-20, 2019 "
                    },
                    {
                        "data": "The WFC partnered with Office of "
                    },
                    {
                        "data": "Research, College of Agricultural "
                    },
                    {
                        "data": "and Environmental Sciences and "
                    },
                    {
                        "data": "other organizations to sponsor "
                    },
                    {
                        "data": "and host a conference event at "
                    },
                    {
                        "data": "the World AgriTech Summit in "
                    },
                    {
                        "data": "San Francisco, CA. The WFC also "
                    },
                    {
                        "data": "independently hosted a site visit "
                    },
                    {
                        "data": "to UC Davis for 50+ conference "
                    },
                    {
                        "data": "guests on March 18, featuring "
                    },
                    {
                        "data": "tours of UC Davis sites including "
                    },
                    {
                        "data": "the Robert Mondavi Institute for "
                    },
                    {
                        "data": "Wine and Food Science and the "
                    },
                    {
                        "data": "HM.Clause Innovation Center. "
                    },
                    {
                        "data": "ANNUAL REPORT 2019 "
                    },
                    {
                        "data": "9\t "
                    }
                ]
            },
            {
                "pageNumber": "12",
                "paragraph": [
                    {
                        "data": "Connecting with local "
                    },
                    {
                        "data": "and global partners "
                    },
                    {
                        "data": "Food and Ag "
                    },
                    {
                        "data": "Innovation Council "
                    },
                    {
                        "data": "The WFC is a proud participant "
                    },
                    {
                        "data": "in the Food and Ag Innovation "
                    },
                    {
                        "data": "Council of the Greater "
                    },
                    {
                        "data": "Sacramento Economic Council. "
                    },
                    {
                        "data": "This group of regional leaders "
                    },
                    {
                        "data": "works to identify investment "
                    },
                    {
                        "data": "opportunities, job creation and "
                    },
                    {
                        "data": "policy that affect the agriculture "
                    },
                    {
                        "data": "industry throughout the greater "
                    },
                    {
                        "data": "Sacramento region. More "
                    },
                    {
                        "data": "information can be found at "
                    },
                    {
                        "data": "greatersacramento.com. 10 "
                    },
                    {
                        "data": "UC DAVIS WORLD FOOD CENTER "
                    },
                    {
                        "data": "Sino-US Food and "
                    },
                    {
                        "data": "Agriculture Innovation "
                    },
                    {
                        "data": "Center (SUFAIC) "
                    },
                    {
                        "data": "The goal of the SUFAIC initiative "
                    },
                    {
                        "data": "is to establish an international "
                    },
                    {
                        "data": "cooperation platform for high- "
                    },
                    {
                        "data": "level science and technology, "
                    },
                    {
                        "data": "business and talent recruitment "
                    },
                    {
                        "data": "in the areas of food safety, "
                    },
                    {
                        "data": "nutrition and sustainable "
                    },
                    {
                        "data": "agriculture. The WFC works "
                    },
                    {
                        "data": "with the People’s Government "
                    },
                    {
                        "data": "of Weifang City and many "
                    },
                    {
                        "data": "international University partners. "
                    },
                    {
                        "data": "More information can be found "
                    },
                    {
                        "data": "at sufaic.com. The WFC and "
                    },
                    {
                        "data": "SUFAIC agreed to continue "
                    },
                    {
                        "data": "explore ways in which the "
                    },
                    {
                        "data": "organizations can collaborate. In "
                    },
                    {
                        "data": "2019 the task was for SUFAIC to "
                    },
                    {
                        "data": "propose projects that interested "
                    },
                    {
                        "data": "UC Davis faculty can conduct. "
                    },
                    {
                        "data": "At this time SUFAIC prioritized "
                    },
                    {
                        "data": "soil health and application of "
                    },
                    {
                        "data": "fertilizers and irrigation. The "
                    },
                    {
                        "data": "WFC and SUFAIC continue "
                    },
                    {
                        "data": "to explore ways in which the "
                    },
                    {
                        "data": "organizations can collaborate. "
                    },
                    {
                        "data": "At a later stage, the collaboration "
                    },
                    {
                        "data": "can continue to include aspects "
                    },
                    {
                        "data": "of food safety. "
                    },
                    {
                        "data": ""
                    }
                ]
            },
            {
                "pageNumber": "13",
                "paragraph": [
                    {
                        "data": ""
                    },
                    {
                        "data": "A5 Consortium "
                    },
                    {
                        "data": "The World Food Center serves as the UC Davis partner in "
                    },
                    {
                        "data": "the A5 Consortium, a joint effort of the top five agricultural "
                    },
                    {
                        "data": "universities in the World: UC Davis, Wageningen University, "
                    },
                    {
                        "data": "Cornell, China Agricultural University and University of "
                    },
                    {
                        "data": "Sao Paulo. Initiated in 2018, this consortium focuses on "
                    },
                    {
                        "data": "educational exchanges and research collaborations in a "
                    },
                    {
                        "data": "united effort to tackle the UN Sustainable Development "
                    },
                    {
                        "data": "goals, with particular emphasis on goal #2, “Zero Hunger.” "
                    },
                    {
                        "data": "Representatives of the Consortium met several times in "
                    },
                    {
                        "data": "2019 to develop student exchanges that will take place "
                    },
                    {
                        "data": "in 2020. "
                    },
                    {
                        "data": "A5 Student Delegation to Sanya, China "
                    },
                    {
                        "data": "December 17-21, 2019 "
                    },
                    {
                        "data": "Professor Haven Kiers of Human Ecology led a UC "
                    },
                    {
                        "data": "Davis delegation of nine undergraduate students to "
                    },
                    {
                        "data": "China to work with other students from the U.S., China, "
                    },
                    {
                        "data": "Brazil and the Netherlands on a project organized by "
                    },
                    {
                        "data": "China Agricultural University (CAU) for the first program "
                    },
                    {
                        "data": "of Agrifood5 (A5). Working with members from other "
                    },
                    {
                        "data": "universities, students formed teams and began tackling "
                    },
                    {
                        "data": "the challenge to design a new international campus for "
                    },
                    {
                        "data": "five Chinese universities’ branches on Hainan Island in "
                    },
                    {
                        "data": "southern China, including CAU. The students are expected "
                    },
                    {
                        "data": "to go back to China for a final visit and present their ideas "
                    },
                    {
                        "data": "in 2020. "
                    },
                    {
                        "data": "ANNUAL REPORT 2019 "
                    },
                    {
                        "data": "11\t "
                    }
                ]
            },
            {
                "pageNumber": "14",
                "paragraph": [
                    {
                        "data": ""
                    },
                    {
                        "data": "12 UC DAVIS WORLD FOOD CENTER "
                    },
                    {
                        "data": ""
                    }
                ]
            },
            {
                "pageNumber": "15",
                "paragraph": [
                    {
                        "data": "Thank you and welcome! "
                    },
                    {
                        "data": "The WFC recognizes the contributions of Kaylee D’Amico, who served as "
                    },
                    {
                        "data": "Program Manager from February 2018 through November 2019. She did an "
                    },
                    {
                        "data": "outstanding job, and we wish her well in her new position with the California "
                    },
                    {
                        "data": "State government. We also welcome Andrea Thompson, who began as "
                    },
                    {
                        "data": "Associate Program Director in March 2020 and is the primary point of contact "
                    },
                    {
                        "data": "with the WFC (aehthompson@ucdavis.edu). "
                    },
                    {
                        "data": "Special Thanks "
                    },
                    {
                        "data": "STRATEGIC PLANNING CONSULTANTS "
                    },
                    {
                        "data": "Adelaide Ferguson "
                    },
                    {
                        "data": "Rachael LeMasters "
                    },
                    {
                        "data": "VISIONING AND IMPLEMENTATION COMMITTEE "
                    },
                    {
                        "data": "David Campbell, Associate Dean, Social and Human Sciences, CA&ES "
                    },
                    {
                        "data": "Kent Bradford, Associate Director, World Food Center "
                    },
                    {
                        "data": "Timothy Beatty, Agricultural and Resource Economics\t "
                    },
                    {
                        "data": "Catherine Brinkley, Human Ecology "
                    },
                    {
                        "data": "Joanna Chiu, Entomology and Nematology \t "
                    },
                    {
                        "data": "Kay Dewey, Nutrition "
                    },
                    {
                        "data": "Robert Hijmans, Environmental Science and Policy \t "
                    },
                    {
                        "data": "Juan Medrano, Animal Science "
                    },
                    {
                        "data": "Elizabeth Mitcham, Plant Sciences \t "
                    },
                    {
                        "data": "James Sanchirico, Environmental Science and Policy "
                    },
                    {
                        "data": "WFC STAFF "
                    },
                    {
                        "data": "Kaylee D’Amico, Former Program Manager, World Food Center "
                    },
                    {
                        "data": "ANNUAL REPORT 2019 "
                    },
                    {
                        "data": "13\t "
                    }
                ]
            },
            {
                "pageNumber": "16",
                "paragraph": [
                    {
                        "data": "worldfoodcenter.ucdavis.edu "
                    },
                    {
                        "data": "14 UC DAVIS WORLD FOOD CENTER "
                    },
                    {
                        "data": ""
                    }
                ]
            }
        ]
    }
}
